combo,n,mean_log_ppl,std_log_ppl,mean_ppl,std_ppl,mean_n_ctx_tokens,mean_n_cont_tokens
AAE_AAE,16332,5.277305949084122,1.4183015354872268,891.5494705573418,9206.161136204055,14.413421503796227,13.355253490080823
AAE_SAE,16332,5.0094296708367,1.3955785865958446,666.62055703455,5816.65387604368,14.413421503796227,13.130724957139359
SAE_AAE,16332,6.32933199581224,1.6773641582830159,4237.171266319127,45578.27152795954,14.104824883663973,13.355253490080823
SAE_SAE,16332,4.526665866526185,1.3784653911060818,527.2770260941669,7684.573537179892,14.104824883663973,13.130724957139359
