AAE_Grammar_Feature,Count_AAE_tagged,Count_AAE_untagged,Mean_Delta_Tagged,Mean_Delta_Untagged,Effect_Tagged_minus_Untagged
Auxiliary_Verbs,770,15562,17.155911443997056,15.324504275626314,1.8314071683707418
Aspectual_Markers,153,16179,15.968308945488198,15.40557735833579,0.5627315871524079
Preverbal_Markers,316,16016,19.125884980556698,15.337550430526884,3.7883345500298145
Syntactic_Properties,16,16316,14.370189814981583,15.411869595007033,-1.0416797800254507
