AAE_Grammar_Feature,Count_AAE_tagged,Count_AAE_untagged,Mean_Delta_Tagged,Mean_Delta_Untagged,Effect_Tagged_minus_Untagged
Auxiliary_Verbs,770,15562,16.36938063273083,14.067822642686767,2.3015579900440635
Aspectual_Markers,153,16179,15.096188292468463,14.167634726741241,0.9285535657272224
Preverbal_Markers,316,16016,18.1075862194452,14.09876884411523,4.0088173753299685
Syntactic_Properties,16,16316,16.551685331898625,14.174004173043873,2.3776811588547524
