combo,n,mean_log_ppl,std_log_ppl,mean_ppl,std_ppl,mean_n_ctx_tokens,mean_n_cont_tokens
AAE_AAE,16332,4.667856657753092,1.3602880796190115,1257.4125208432174,51858.58352224061,14.347844722018124,13.27896154788146
AAE_SAE,16332,4.5203165350567245,1.2394140049871107,1155.9587830388803,51842.0325765383,14.347844722018124,13.075618417830027
SAE_AAE,16332,5.442315119400966,1.4331807031374033,1399.1031589698139,25973.369788842174,14.060923340680873,13.27896154788146
SAE_SAE,16332,3.798653735840535,1.2134935166981096,436.3613053891524,23877.353656227624,14.060923340680873,13.075618417830027
