AAE_Grammar_Feature,Count_AAE_tagged,Count_AAE_untagged,Mean_Delta_Tagged,Mean_Delta_Untagged,Effect_Tagged_minus_Untagged
Auxiliary_Verbs,770,15562,16.102105574510446,13.690275923080902,2.411829651429544
Aspectual_Markers,153,16179,14.324753806165425,13.799060997281334,0.5256928088840915
Preverbal_Markers,316,16016,17.52297503543313,13.730609084425646,3.7923659510074845
Syntactic_Properties,16,16316,13.865984668271267,13.803924948067278,0.06205972020398853
