AAE_Grammar_Feature,Count_AAE_tagged,Count_AAE_untagged,Mean_Delta_Tagged,Mean_Delta_Untagged,Effect_Tagged_minus_Untagged
Auxiliary_Verbs,770,15562,19.088636363636365,16.97245493831127,2.1161814253250952
Aspectual_Markers,153,16179,17.133986928104576,17.071641865999133,0.062345062105443105
Preverbal_Markers,316,16016,20.446993670886076,17.00564084353147,3.4413528273546063
Syntactic_Properties,16,16316,21.970703125,17.06742231551851,4.90328080948149
