AAE_Grammar_Feature,Count_AAE_tagged,Count_AAE_untagged,Mean_Delta_Tagged,Mean_Delta_Untagged,Effect_Tagged_minus_Untagged
Auxiliary_Verbs,770,15562,15.699749512058844,13.37838506252191,2.3213644495369348
Aspectual_Markers,153,16179,13.863770091749068,13.484274593189546,0.37949549855952114
Preverbal_Markers,316,16016,16.670727201211935,13.425030324155113,3.2456968770568224
Syntactic_Properties,16,16316,14.321026588862878,13.48701268949678,0.8340138993660986
